{
	"wcaxes": 2,
	"crpix1": 731.5,
	"crpix2": 584,
	"crval1": 98.5924005694794,
	"crval2": 2.6198073920088527,
	"ctype1": "RA---TAN",
	"ctype2": "DEC--TAN",
	"cdelt1": -0.0005400608900218775,
	"cdelt2": 0.0005401344771537411,
	"cunit1": "deg",
	"cunit2": "deg",
	"cd1_1": -0.000008418506999415361,
	"cd1_2": -0.00054006079196313,
	"cd2_1": 0.0005399952718970077,
	"cd2_2": -0.000008921569049331878,
	"e": 0,
	"f": 0,
	"fsip": {
		"AOrder": 0,
		"APower": null,
		"BOrder": 0,
		"BPower": null
	},
	"isip": {
		"APOrder": 0,
		"APPower": null,
		"BPOrder": 0,
		"BPPower": null
	}
}
